timeStamp,elapsed,label,responseCode,responseMessage,threadName,success,failureMessage,bytes,grpThreads,allThreads,Latency,SampleCount,ErrorCount,Hostname
1594099821554,3844,S11_T01_OpenApplication,200,"Number of samples in transaction : 1, number of failing samples : 0",S11_Tasks_ReportRequests ActionItems 1-1,true,,4679,1,1,0,1,0,DESKTOP-60D6L4H
1594099825449,12462,S11_T02_Login,200,"Number of samples in transaction : 3, number of failing samples : 0",S11_Tasks_ReportRequests ActionItems 1-1,true,,282183,1,1,0,1,0,DESKTOP-60D6L4H
1594099837938,21818,S11_T03_NavigateTasks_ReportRequests,200,"Number of samples in transaction : 3, number of failing samples : 0",S11_Tasks_ReportRequests ActionItems 1-1,true,,66398,1,1,0,1,0,DESKTOP-60D6L4H
1594099859766,8874,S11_T04_CreateReportRequests,200,"Number of samples in transaction : 2, number of failing samples : 0",S11_Tasks_ReportRequests ActionItems 1-1,true,,161976,1,1,0,1,0,DESKTOP-60D6L4H
1594099868647,0,S11_T05_Click_ProductLookUp,200,"Number of samples in transaction : 0, number of failing samples : 0",S11_Tasks_ReportRequests ActionItems 1-1,true,,0,1,1,0,1,0,DESKTOP-60D6L4H
1594099868647,7043,S11_T06_SearchProduct,200,"Number of samples in transaction : 1, number of failing samples : 0",S11_Tasks_ReportRequests ActionItems 1-1,true,,419,1,1,0,1,0,DESKTOP-60D6L4H
1594099875694,3798,S11_T07_SelectProduct,200,"Number of samples in transaction : 5, number of failing samples : 0",S11_Tasks_ReportRequests ActionItems 1-1,true,,3020,1,1,0,1,0,DESKTOP-60D6L4H
1594099879499,0,S11_T08_EnterBasicInformation,200,"Number of samples in transaction : 0, number of failing samples : 0",S11_Tasks_ReportRequests ActionItems 1-1,true,,0,1,1,0,1,0,DESKTOP-60D6L4H
1594099879499,12216,S11_T09_Save,200,"Number of samples in transaction : 2, number of failing samples : 0",S11_Tasks_ReportRequests ActionItems 1-1,true,,81361,1,1,0,1,0,DESKTOP-60D6L4H
1594099891725,11219,S11_T10_NavigateTasks_ActionItems,200,"Number of samples in transaction : 3, number of failing samples : 0",S11_Tasks_ReportRequests ActionItems 1-1,true,,49117,1,1,0,1,0,DESKTOP-60D6L4H
1594099902952,6648,S11_T11_Click_CreateActionItem_EnterDetails,200,"Number of samples in transaction : 1, number of failing samples : 0",S11_Tasks_ReportRequests ActionItems 1-1,true,,655,1,1,0,1,0,DESKTOP-60D6L4H
1594099909603,5117,S11_T12_Save,200,"Number of samples in transaction : 2, number of failing samples : 0",S11_Tasks_ReportRequests ActionItems 1-1,true,,773,1,1,0,1,0,DESKTOP-60D6L4H
1594099914724,5729,S11_T13_Logout,200,"Number of samples in transaction : 3, number of failing samples : 0",S11_Tasks_ReportRequests ActionItems 1-1,true,,14542,1,1,0,1,0,DESKTOP-60D6L4H
1594099920463,6750,S11_T01_OpenApplication,200,"Number of samples in transaction : 1, number of failing samples : 0",S11_Tasks_ReportRequests ActionItems 1-1,true,,4467,1,1,0,1,0,DESKTOP-60D6L4H
1594099927218,21702,S11_T02_Login,200,"Number of samples in transaction : 3, number of failing samples : 0",S11_Tasks_ReportRequests ActionItems 1-1,true,,282128,1,1,0,1,0,DESKTOP-60D6L4H
1594099948927,25590,S11_T03_NavigateTasks_ReportRequests,200,"Number of samples in transaction : 3, number of failing samples : 0",S11_Tasks_ReportRequests ActionItems 1-1,true,,66394,1,1,0,1,0,DESKTOP-60D6L4H
1594099974526,13519,S11_T04_CreateReportRequests,200,"Number of samples in transaction : 2, number of failing samples : 0",S11_Tasks_ReportRequests ActionItems 1-1,true,,161968,1,1,0,1,0,DESKTOP-60D6L4H
1594099988049,5929,S11_T06_SearchProduct,200,"Number of samples in transaction : 1, number of failing samples : 0",S11_Tasks_ReportRequests ActionItems 1-1,true,,419,1,1,0,1,0,DESKTOP-60D6L4H
1594099993982,3271,S11_T07_SelectProduct,200,"Number of samples in transaction : 5, number of failing samples : 0",S11_Tasks_ReportRequests ActionItems 1-1,true,,3015,1,1,0,1,0,DESKTOP-60D6L4H
1594099997257,15970,S11_T09_Save,200,"Number of samples in transaction : 2, number of failing samples : 0",S11_Tasks_ReportRequests ActionItems 1-1,true,,81360,1,1,0,1,0,DESKTOP-60D6L4H
1594100013234,19242,S11_T10_NavigateTasks_ActionItems,200,"Number of samples in transaction : 3, number of failing samples : 0",S11_Tasks_ReportRequests ActionItems 1-1,true,,49109,1,1,0,1,0,DESKTOP-60D6L4H
1594100032485,4092,S11_T11_Click_CreateActionItem_EnterDetails,200,"Number of samples in transaction : 1, number of failing samples : 0",S11_Tasks_ReportRequests ActionItems 1-1,true,,655,1,1,0,1,0,DESKTOP-60D6L4H
1594100036581,3086,S11_T12_Save,200,"Number of samples in transaction : 2, number of failing samples : 0",S11_Tasks_ReportRequests ActionItems 1-1,true,,773,1,1,0,1,0,DESKTOP-60D6L4H
1594100039669,5428,S11_T13_Logout,200,"Number of samples in transaction : 3, number of failing samples : 0",S11_Tasks_ReportRequests ActionItems 1-1,true,,14540,1,1,0,1,0,DESKTOP-60D6L4H
1594100045106,6423,S11_T01_OpenApplication,200,"Number of samples in transaction : 1, number of failing samples : 0",S11_Tasks_ReportRequests ActionItems 1-1,true,,4467,1,1,0,1,0,DESKTOP-60D6L4H
1594100051532,21908,S11_T02_Login,200,"Number of samples in transaction : 3, number of failing samples : 0",S11_Tasks_ReportRequests ActionItems 1-1,true,,282132,1,1,0,1,0,DESKTOP-60D6L4H
1594100073445,30709,S11_T03_NavigateTasks_ReportRequests,200,"Number of samples in transaction : 3, number of failing samples : 0",S11_Tasks_ReportRequests ActionItems 1-1,true,,66401,1,1,0,1,0,DESKTOP-60D6L4H
1594100104164,12902,S11_T04_CreateReportRequests,200,"Number of samples in transaction : 2, number of failing samples : 0",S11_Tasks_ReportRequests ActionItems 1-1,true,,161974,1,1,0,1,0,DESKTOP-60D6L4H
1594100117071,6548,S11_T06_SearchProduct,200,"Number of samples in transaction : 1, number of failing samples : 0",S11_Tasks_ReportRequests ActionItems 1-1,true,,419,1,1,0,1,0,DESKTOP-60D6L4H
1594100123619,4501,S11_T07_SelectProduct,200,"Number of samples in transaction : 5, number of failing samples : 0",S11_Tasks_ReportRequests ActionItems 1-1,true,,3015,1,1,0,1,0,DESKTOP-60D6L4H
1594100128124,17815,S11_T09_Save,200,"Number of samples in transaction : 2, number of failing samples : 0",S11_Tasks_ReportRequests ActionItems 1-1,true,,81369,1,1,0,1,0,DESKTOP-60D6L4H
1594100145945,16990,S11_T10_NavigateTasks_ActionItems,200,"Number of samples in transaction : 3, number of failing samples : 0",S11_Tasks_ReportRequests ActionItems 1-1,true,,49109,1,1,0,1,0,DESKTOP-60D6L4H
1594100162941,7167,S11_T11_Click_CreateActionItem_EnterDetails,200,"Number of samples in transaction : 1, number of failing samples : 0",S11_Tasks_ReportRequests ActionItems 1-1,true,,655,1,1,0,1,0,DESKTOP-60D6L4H
1594100170110,1432,S11_T12_Save,200,"Number of samples in transaction : 2, number of failing samples : 0",S11_Tasks_ReportRequests ActionItems 1-1,true,,773,1,1,0,1,0,DESKTOP-60D6L4H
1594100171544,6958,S11_T13_Logout,200,"Number of samples in transaction : 3, number of failing samples : 0",S11_Tasks_ReportRequests ActionItems 1-1,true,,14541,1,1,0,1,0,DESKTOP-60D6L4H
1594359287625,2706,S11_T01_OpenApplication,200,"Number of samples in transaction : 1, number of failing samples : 0",S11_Tasks_ReportRequests ActionItems 1-1,true,,4679,1,1,0,1,0,DESKTOP-60D6L4H
1594359292622,2110,S11_T01_OpenApplication,200,"Number of samples in transaction : 1, number of failing samples : 0",S11_Tasks_ReportRequests ActionItems 1-2,true,,4680,2,2,0,1,0,DESKTOP-60D6L4H
1594359297619,2275,S11_T01_OpenApplication,200,"Number of samples in transaction : 1, number of failing samples : 0",S11_Tasks_ReportRequests ActionItems 1-3,true,,4678,3,3,0,1,0,DESKTOP-60D6L4H
1594359298908,8942,S11_T02_Login,200,"Number of samples in transaction : 3, number of failing samples : 0",S11_Tasks_ReportRequests ActionItems 1-1,true,,282133,3,3,0,1,0,DESKTOP-60D6L4H
1594359302790,8930,S11_T02_Login,200,"Number of samples in transaction : 3, number of failing samples : 0",S11_Tasks_ReportRequests ActionItems 1-2,true,,282157,3,3,0,1,0,DESKTOP-60D6L4H
1594359308810,9920,S11_T02_Login,200,"Number of samples in transaction : 3, number of failing samples : 0",S11_Tasks_ReportRequests ActionItems 1-3,true,,282166,3,3,0,1,0,DESKTOP-60D6L4H
1594359316277,12100,S11_T03_NavigateTasks_ReportRequests,500,"Number of samples in transaction : 3, number of failing samples : 1",S11_Tasks_ReportRequests ActionItems 1-1,false,,69014,3,3,0,1,1,DESKTOP-60D6L4H
1594359319933,8527,S11_T03_NavigateTasks_ReportRequests,200,"Number of samples in transaction : 3, number of failing samples : 0",S11_Tasks_ReportRequests ActionItems 1-2,true,,66400,3,3,0,1,0,DESKTOP-60D6L4H
1594359325176,8108,S11_T03_NavigateTasks_ReportRequests,200,"Number of samples in transaction : 3, number of failing samples : 0",S11_Tasks_ReportRequests ActionItems 1-3,true,,66399,3,3,0,1,0,DESKTOP-60D6L4H
1594359336785,4808,S11_T04_CreateReportRequests,500,"Number of samples in transaction : 2, number of failing samples : 1",S11_Tasks_ReportRequests ActionItems 1-1,false,,49262,3,3,0,1,1,DESKTOP-60D6L4H
1594359336864,5635,S11_T04_CreateReportRequests,200,"Number of samples in transaction : 2, number of failing samples : 0",S11_Tasks_ReportRequests ActionItems 1-2,true,,161974,3,3,0,1,0,DESKTOP-60D6L4H
1594359339956,5860,S11_T04_CreateReportRequests,200,"Number of samples in transaction : 2, number of failing samples : 0",S11_Tasks_ReportRequests ActionItems 1-3,true,,161972,3,3,0,1,0,DESKTOP-60D6L4H
1594359348214,0,S11_T05_Click_ProductLookUp,200,"Number of samples in transaction : 0, number of failing samples : 0",S11_Tasks_ReportRequests ActionItems 1-1,true,,0,3,3,0,1,0,DESKTOP-60D6L4H
1594359350290,0,S11_T05_Click_ProductLookUp,200,"Number of samples in transaction : 0, number of failing samples : 0",S11_Tasks_ReportRequests ActionItems 1-2,true,,0,3,3,0,1,0,DESKTOP-60D6L4H
1594359353409,0,S11_T05_Click_ProductLookUp,200,"Number of samples in transaction : 0, number of failing samples : 0",S11_Tasks_ReportRequests ActionItems 1-3,true,,0,3,3,0,1,0,DESKTOP-60D6L4H
1594359357077,1604,S11_T06_SearchProduct,200,"Number of samples in transaction : 1, number of failing samples : 0",S11_Tasks_ReportRequests ActionItems 1-1,true,,419,3,3,0,1,0,DESKTOP-60D6L4H
1594359358178,2679,S11_T06_SearchProduct,200,"Number of samples in transaction : 1, number of failing samples : 0",S11_Tasks_ReportRequests ActionItems 1-2,true,,419,3,3,0,1,0,DESKTOP-60D6L4H
1594359360807,2162,S11_T06_SearchProduct,200,"Number of samples in transaction : 1, number of failing samples : 0",S11_Tasks_ReportRequests ActionItems 1-3,true,,419,3,3,0,1,0,DESKTOP-60D6L4H
1594359366900,2209,S11_T07_SelectProduct,200,"Number of samples in transaction : 5, number of failing samples : 0",S11_Tasks_ReportRequests ActionItems 1-1,true,,3015,3,3,0,1,0,DESKTOP-60D6L4H
1594359367880,2269,S11_T07_SelectProduct,200,"Number of samples in transaction : 5, number of failing samples : 0",S11_Tasks_ReportRequests ActionItems 1-2,true,,3015,3,3,0,1,0,DESKTOP-60D6L4H
1594359370477,2623,S11_T07_SelectProduct,200,"Number of samples in transaction : 5, number of failing samples : 0",S11_Tasks_ReportRequests ActionItems 1-3,true,,3015,3,3,0,1,0,DESKTOP-60D6L4H
1594359375250,0,S11_T08_EnterBasicInformation,200,"Number of samples in transaction : 0, number of failing samples : 0",S11_Tasks_ReportRequests ActionItems 1-1,true,,0,3,3,0,1,0,DESKTOP-60D6L4H
1594359376822,0,S11_T08_EnterBasicInformation,200,"Number of samples in transaction : 0, number of failing samples : 0",S11_Tasks_ReportRequests ActionItems 1-2,true,,0,3,3,0,1,0,DESKTOP-60D6L4H
1594359379224,0,S11_T08_EnterBasicInformation,200,"Number of samples in transaction : 0, number of failing samples : 0",S11_Tasks_ReportRequests ActionItems 1-3,true,,0,3,3,0,1,0,DESKTOP-60D6L4H
1594359383520,5865,S11_T09_Save,200,"Number of samples in transaction : 2, number of failing samples : 0",S11_Tasks_ReportRequests ActionItems 1-1,true,,81372,3,3,0,1,0,DESKTOP-60D6L4H
1594359385500,5299,S11_T09_Save,200,"Number of samples in transaction : 2, number of failing samples : 0",S11_Tasks_ReportRequests ActionItems 1-2,true,,81368,3,3,0,1,0,DESKTOP-60D6L4H
1594359387301,6847,S11_T09_Save,200,"Number of samples in transaction : 2, number of failing samples : 0",S11_Tasks_ReportRequests ActionItems 1-3,true,,81369,3,3,0,1,0,DESKTOP-60D6L4H
1594359396383,4942,S11_T10_NavigateTasks_ActionItems,200,"Number of samples in transaction : 3, number of failing samples : 0",S11_Tasks_ReportRequests ActionItems 1-1,true,,49109,3,3,0,1,0,DESKTOP-60D6L4H
1594359398238,5496,S11_T10_NavigateTasks_ActionItems,200,"Number of samples in transaction : 3, number of failing samples : 0",S11_Tasks_ReportRequests ActionItems 1-2,true,,49109,3,3,0,1,0,DESKTOP-60D6L4H
1594359401278,6129,S11_T10_NavigateTasks_ActionItems,200,"Number of samples in transaction : 3, number of failing samples : 0",S11_Tasks_ReportRequests ActionItems 1-3,true,,49109,3,3,0,1,0,DESKTOP-60D6L4H
1594359407690,1787,S11_T11_Click_CreateActionItem_EnterDetails,200,"Number of samples in transaction : 1, number of failing samples : 0",S11_Tasks_ReportRequests ActionItems 1-1,true,,655,3,3,0,1,0,DESKTOP-60D6L4H
1594359412326,3586,S11_T11_Click_CreateActionItem_EnterDetails,200,"Number of samples in transaction : 1, number of failing samples : 0",S11_Tasks_ReportRequests ActionItems 1-2,true,,655,3,3,0,1,0,DESKTOP-60D6L4H
1594359415576,903,S11_T12_Save,200,"Number of samples in transaction : 2, number of failing samples : 0",S11_Tasks_ReportRequests ActionItems 1-1,true,,773,3,3,0,1,0,DESKTOP-60D6L4H
1594359415569,1590,S11_T11_Click_CreateActionItem_EnterDetails,200,"Number of samples in transaction : 1, number of failing samples : 0",S11_Tasks_ReportRequests ActionItems 1-3,true,,655,3,3,0,1,0,DESKTOP-60D6L4H
1594359423743,796,S11_T12_Save,200,"Number of samples in transaction : 2, number of failing samples : 0",S11_Tasks_ReportRequests ActionItems 1-2,true,,773,3,3,0,1,0,DESKTOP-60D6L4H
1594359423933,844,S11_T12_Save,200,"Number of samples in transaction : 2, number of failing samples : 0",S11_Tasks_ReportRequests ActionItems 1-3,true,,773,3,3,0,1,0,DESKTOP-60D6L4H
1594359423343,2319,S11_T13_Logout,200,"Number of samples in transaction : 3, number of failing samples : 0",S11_Tasks_ReportRequests ActionItems 1-1,true,,14539,3,3,0,1,0,DESKTOP-60D6L4H
1594359431035,2715,S11_T13_Logout,200,"Number of samples in transaction : 3, number of failing samples : 0",S11_Tasks_ReportRequests ActionItems 1-3,true,,14539,3,3,0,1,0,DESKTOP-60D6L4H
1594359432365,3099,S11_T13_Logout,200,"Number of samples in transaction : 3, number of failing samples : 0",S11_Tasks_ReportRequests ActionItems 1-2,true,,14540,3,3,0,1,0,DESKTOP-60D6L4H
1594359433703,2377,S11_T01_OpenApplication,200,"Number of samples in transaction : 1, number of failing samples : 0",S11_Tasks_ReportRequests ActionItems 1-1,true,,4467,3,3,0,1,0,DESKTOP-60D6L4H
1594359441251,2095,S11_T01_OpenApplication,200,"Number of samples in transaction : 1, number of failing samples : 0",S11_Tasks_ReportRequests ActionItems 1-3,true,,4467,3,3,0,1,0,DESKTOP-60D6L4H
1594359442330,2151,S11_T01_OpenApplication,200,"Number of samples in transaction : 1, number of failing samples : 0",S11_Tasks_ReportRequests ActionItems 1-2,true,,4468,3,3,0,1,0,DESKTOP-60D6L4H
1594359444929,11426,S11_T02_Login,200,"Number of samples in transaction : 3, number of failing samples : 0",S11_Tasks_ReportRequests ActionItems 1-1,true,,282141,3,3,0,1,0,DESKTOP-60D6L4H
1594359450924,11657,S11_T02_Login,200,"Number of samples in transaction : 3, number of failing samples : 0",S11_Tasks_ReportRequests ActionItems 1-2,true,,282149,3,3,0,1,0,DESKTOP-60D6L4H
1594359450429,12686,S11_T02_Login,200,"Number of samples in transaction : 3, number of failing samples : 0",S11_Tasks_ReportRequests ActionItems 1-3,true,,282131,3,3,0,1,0,DESKTOP-60D6L4H
1594359463915,14556,S11_T03_NavigateTasks_ReportRequests,200,"Number of samples in transaction : 3, number of failing samples : 0",S11_Tasks_ReportRequests ActionItems 1-1,true,,66400,3,3,0,1,0,DESKTOP-60D6L4H
1594359469353,10261,S11_T03_NavigateTasks_ReportRequests,200,"Number of samples in transaction : 3, number of failing samples : 0",S11_Tasks_ReportRequests ActionItems 1-2,true,,66401,3,3,0,1,0,DESKTOP-60D6L4H
1594359471488,12766,S11_T03_NavigateTasks_ReportRequests,200,"Number of samples in transaction : 3, number of failing samples : 0",S11_Tasks_ReportRequests ActionItems 1-3,true,,66400,3,3,0,1,0,DESKTOP-60D6L4H
1594359487008,7599,S11_T04_CreateReportRequests,200,"Number of samples in transaction : 2, number of failing samples : 0",S11_Tasks_ReportRequests ActionItems 1-1,true,,161976,3,3,0,1,0,DESKTOP-60D6L4H
1594359486862,9843,S11_T04_CreateReportRequests,200,"Number of samples in transaction : 2, number of failing samples : 0",S11_Tasks_ReportRequests ActionItems 1-2,true,,161983,3,3,0,1,0,DESKTOP-60D6L4H
1594359491675,7896,S11_T04_CreateReportRequests,200,"Number of samples in transaction : 2, number of failing samples : 0",S11_Tasks_ReportRequests ActionItems 1-3,true,,161967,3,3,0,1,0,DESKTOP-60D6L4H
1594359511349,1942,S11_T06_SearchProduct,200,"Number of samples in transaction : 1, number of failing samples : 0",S11_Tasks_ReportRequests ActionItems 1-1,true,,419,3,3,0,1,0,DESKTOP-60D6L4H
1594359510795,2907,S11_T06_SearchProduct,200,"Number of samples in transaction : 1, number of failing samples : 0",S11_Tasks_ReportRequests ActionItems 1-2,true,,419,3,3,0,1,0,DESKTOP-60D6L4H
1594359515329,2323,S11_T06_SearchProduct,200,"Number of samples in transaction : 1, number of failing samples : 0",S11_Tasks_ReportRequests ActionItems 1-3,true,,419,3,3,0,1,0,DESKTOP-60D6L4H
1594359520715,2199,S11_T07_SelectProduct,200,"Number of samples in transaction : 5, number of failing samples : 0",S11_Tasks_ReportRequests ActionItems 1-2,true,,3025,3,3,0,1,0,DESKTOP-60D6L4H
1594359521429,2230,S11_T07_SelectProduct,200,"Number of samples in transaction : 5, number of failing samples : 0",S11_Tasks_ReportRequests ActionItems 1-1,true,,3015,3,3,0,1,0,DESKTOP-60D6L4H
1594359524775,3464,S11_T07_SelectProduct,200,"Number of samples in transaction : 5, number of failing samples : 0",S11_Tasks_ReportRequests ActionItems 1-3,true,,3015,3,3,0,1,0,DESKTOP-60D6L4H
1594359537308,7410,S11_T09_Save,200,"Number of samples in transaction : 2, number of failing samples : 0",S11_Tasks_ReportRequests ActionItems 1-1,true,,81370,3,3,0,1,0,DESKTOP-60D6L4H
1594359537987,8564,S11_T09_Save,200,"Number of samples in transaction : 2, number of failing samples : 0",S11_Tasks_ReportRequests ActionItems 1-2,true,,81369,3,3,0,1,0,DESKTOP-60D6L4H
1594359543783,7426,S11_T09_Save,200,"Number of samples in transaction : 2, number of failing samples : 0",S11_Tasks_ReportRequests ActionItems 1-3,true,,81370,3,3,0,1,0,DESKTOP-60D6L4H
1594359550809,5487,S11_T10_NavigateTasks_ActionItems,200,"Number of samples in transaction : 3, number of failing samples : 0",S11_Tasks_ReportRequests ActionItems 1-1,true,,49109,3,3,0,1,0,DESKTOP-60D6L4H
1594359553390,6726,S11_T10_NavigateTasks_ActionItems,200,"Number of samples in transaction : 3, number of failing samples : 0",S11_Tasks_ReportRequests ActionItems 1-2,true,,49109,3,3,0,1,0,DESKTOP-60D6L4H
1594359562439,2053,S11_T11_Click_CreateActionItem_EnterDetails,200,"Number of samples in transaction : 1, number of failing samples : 0",S11_Tasks_ReportRequests ActionItems 1-1,true,,655,3,3,0,1,0,DESKTOP-60D6L4H
1594359558154,6335,S11_T10_NavigateTasks_ActionItems,200,"Number of samples in transaction : 3, number of failing samples : 0",S11_Tasks_ReportRequests ActionItems 1-3,true,,49111,3,3,0,1,0,DESKTOP-60D6L4H
1594359567833,1982,S11_T11_Click_CreateActionItem_EnterDetails,200,"Number of samples in transaction : 1, number of failing samples : 0",S11_Tasks_ReportRequests ActionItems 1-2,true,,655,3,3,0,1,0,DESKTOP-60D6L4H
1594359570997,832,S11_T12_Save,200,"Number of samples in transaction : 2, number of failing samples : 0",S11_Tasks_ReportRequests ActionItems 1-1,true,,778,3,3,0,1,0,DESKTOP-60D6L4H
1594359571695,2627,S11_T11_Click_CreateActionItem_EnterDetails,200,"Number of samples in transaction : 1, number of failing samples : 0",S11_Tasks_ReportRequests ActionItems 1-3,true,,655,3,3,0,1,0,DESKTOP-60D6L4H
1594359578738,915,S11_T12_Save,200,"Number of samples in transaction : 2, number of failing samples : 0",S11_Tasks_ReportRequests ActionItems 1-2,true,,773,3,3,0,1,0,DESKTOP-60D6L4H
1594359581434,897,S11_T12_Save,200,"Number of samples in transaction : 2, number of failing samples : 0",S11_Tasks_ReportRequests ActionItems 1-3,true,,773,3,3,0,1,0,DESKTOP-60D6L4H
1594359579660,3318,S11_T13_Logout,200,"Number of samples in transaction : 3, number of failing samples : 0",S11_Tasks_ReportRequests ActionItems 1-1,true,,14539,3,3,0,1,0,DESKTOP-60D6L4H
1594359588652,3048,S11_T13_Logout,200,"Number of samples in transaction : 3, number of failing samples : 0",S11_Tasks_ReportRequests ActionItems 1-2,true,,14543,2,2,0,1,0,DESKTOP-60D6L4H
1594359590969,2890,S11_T13_Logout,200,"Number of samples in transaction : 3, number of failing samples : 0",S11_Tasks_ReportRequests ActionItems 1-3,true,,14542,2,2,0,1,0,DESKTOP-60D6L4H
