timeStamp,elapsed,label,responseCode,responseMessage,threadName,success,failureMessage,bytes,grpThreads,allThreads,Latency,SampleCount,ErrorCount,Hostname
1594105068068,3361,S10_T01_OpenApplication,200,"Number of samples in transaction : 1, number of failing samples : 0",S10_Queries_NewQuery 1-1,true,,4679,1,1,0,1,0,DESKTOP-60D6L4H
1594105071446,12449,S10_T02_Login,200,"Number of samples in transaction : 3, number of failing samples : 0",S10_Queries_NewQuery 1-1,true,,192891,1,1,0,1,0,DESKTOP-60D6L4H
1594105083909,21147,S10_T03_NavigateQueries,200,"Number of samples in transaction : 2, number of failing samples : 0",S10_Queries_NewQuery 1-1,true,,192948,1,1,0,1,0,DESKTOP-60D6L4H
1594105105065,0,S10_T04_AddTag,200,"Number of samples in transaction : 0, number of failing samples : 0",S10_Queries_NewQuery 1-1,true,,0,1,1,0,1,0,DESKTOP-60D6L4H
1594105105066,5437,S10_T05_Add_Criteria_1,200,"Number of samples in transaction : 1, number of failing samples : 0",S10_Queries_NewQuery 1-1,true,,349,1,1,0,1,0,DESKTOP-60D6L4H
1594105110505,635,S10_T06_Add_Criteria_2,200,"Number of samples in transaction : 1, number of failing samples : 0",S10_Queries_NewQuery 1-1,true,,344,1,1,0,1,0,DESKTOP-60D6L4H
1594105111141,427,S10_T07_Add_Criteria_3,200,"Number of samples in transaction : 1, number of failing samples : 0",S10_Queries_NewQuery 1-1,true,,354,1,1,0,1,0,DESKTOP-60D6L4H
1594105111571,16679,S10_T08_Click_Save,200,"Number of samples in transaction : 2, number of failing samples : 0",S10_Queries_NewQuery 1-1,true,,129112,1,1,0,1,0,DESKTOP-60D6L4H
1594105128255,23153,S10_T09_Click_Run,200,"Number of samples in transaction : 2, number of failing samples : 0",S10_Queries_NewQuery 1-1,true,,306216,1,1,0,1,0,DESKTOP-60D6L4H
1594105151415,0,S10_T10_Click_PrdlookUp,200,"Number of samples in transaction : 0, number of failing samples : 0",S10_Queries_NewQuery 1-1,true,,0,1,1,0,1,0,DESKTOP-60D6L4H
1594105151415,4149,S10_T11_Search_Product,200,"Number of samples in transaction : 1, number of failing samples : 0",S10_Queries_NewQuery 1-1,true,,654,1,1,0,1,0,DESKTOP-60D6L4H
1594105155567,1136,S10_T12_Select_Product,200,"Number of samples in transaction : 3, number of failing samples : 0",S10_Queries_NewQuery 1-1,true,,1150,1,1,0,1,0,DESKTOP-60D6L4H
1594105156706,2021,S10_T13_SelectTemplate,200,"Number of samples in transaction : 4, number of failing samples : 0",S10_Queries_NewQuery 1-1,true,,2811,1,1,0,1,0,DESKTOP-60D6L4H
1594105158731,15822,S10_T14_Enter_ReportName_Tag_SaveAndRun,200,"Number of samples in transaction : 3, number of failing samples : 0",S10_Queries_NewQuery 1-1,true,,58476,1,1,0,1,0,DESKTOP-60D6L4H
1594105174561,3965,S10_T15_Logout,200,"Number of samples in transaction : 3, number of failing samples : 0",S10_Queries_NewQuery 1-1,true,,14542,1,1,0,1,0,DESKTOP-60D6L4H
