timeStamp,elapsed,label,responseCode,responseMessage,threadName,success,failureMessage,bytes,grpThreads,allThreads,Latency,SampleCount,ErrorCount,Hostname
1594046626508,1586,S08_T01_OpenApplication,200,"Number of samples in transaction : 1, number of failing samples : 0",S08_Temp_NewCaseLineListing_NewDataTabulation 1-1,true,,4679,1,1,0,1,0,DESKTOP-60D6L4H
1594046628095,5644,S08_T02_Login,200,"Number of samples in transaction : 3, number of failing samples : 0",S08_Temp_NewCaseLineListing_NewDataTabulation 1-1,true,,191001,1,1,0,1,0,DESKTOP-60D6L4H
1594046633745,12936,S08_T03_NavigateTemplates_NewCaseLineListingTemplate,200,"Number of samples in transaction : 2, number of failing samples : 0",S08_Temp_NewCaseLineListing_NewDataTabulation 1-1,true,,301053,1,1,0,1,0,DESKTOP-60D6L4H
1594046646687,0,S08_T04_AddCaseLineListing,200,"Number of samples in transaction : 0, number of failing samples : 0",S08_Temp_NewCaseLineListing_NewDataTabulation 1-1,true,,0,1,1,0,1,0,DESKTOP-60D6L4H
1594046646687,7296,S08_T05_Save,200,"Number of samples in transaction : 2, number of failing samples : 0",S08_Temp_NewCaseLineListing_NewDataTabulation 1-1,true,,185558,1,1,0,1,0,DESKTOP-60D6L4H
1594046653991,11597,S08_T06_NavigateTemplates_NewDataTabulation_Template,200,"Number of samples in transaction : 2, number of failing samples : 0",S08_Temp_NewCaseLineListing_NewDataTabulation 1-1,true,,289273,1,1,0,1,0,DESKTOP-60D6L4H
1594046665591,0,S08_T07_AddDatatabulation,200,"Number of samples in transaction : 0, number of failing samples : 0",S08_Temp_NewCaseLineListing_NewDataTabulation 1-1,true,,0,1,1,0,1,0,DESKTOP-60D6L4H
1594046665591,3115,S08_T08_Save,200,"Number of samples in transaction : 2, number of failing samples : 0",S08_Temp_NewCaseLineListing_NewDataTabulation 1-1,true,,125063,1,1,0,1,0,DESKTOP-60D6L4H
1594046668709,1922,S08_T09_Logout,200,"Number of samples in transaction : 3, number of failing samples : 0",S08_Temp_NewCaseLineListing_NewDataTabulation 1-1,true,,14544,1,1,0,1,0,DESKTOP-60D6L4H
1594046670633,1365,S08_T01_OpenApplication,200,"Number of samples in transaction : 1, number of failing samples : 0",S08_Temp_NewCaseLineListing_NewDataTabulation 1-1,true,,4467,1,1,0,1,0,DESKTOP-60D6L4H
1594046672000,6319,S08_T02_Login,200,"Number of samples in transaction : 3, number of failing samples : 0",S08_Temp_NewCaseLineListing_NewDataTabulation 1-1,true,,191016,1,1,0,1,0,DESKTOP-60D6L4H
1594046678324,14961,S08_T03_NavigateTemplates_NewCaseLineListingTemplate,200,"Number of samples in transaction : 2, number of failing samples : 0",S08_Temp_NewCaseLineListing_NewDataTabulation 1-1,true,,301037,1,1,0,1,0,DESKTOP-60D6L4H
1594046693287,8377,S08_T05_Save,200,"Number of samples in transaction : 2, number of failing samples : 0",S08_Temp_NewCaseLineListing_NewDataTabulation 1-1,true,,185559,1,1,0,1,0,DESKTOP-60D6L4H
1594046701668,13194,S08_T06_NavigateTemplates_NewDataTabulation_Template,200,"Number of samples in transaction : 2, number of failing samples : 0",S08_Temp_NewCaseLineListing_NewDataTabulation 1-1,true,,289265,1,1,0,1,0,DESKTOP-60D6L4H
1594046714866,3442,S08_T08_Save,200,"Number of samples in transaction : 2, number of failing samples : 0",S08_Temp_NewCaseLineListing_NewDataTabulation 1-1,true,,125071,1,1,0,1,0,DESKTOP-60D6L4H
1594046718311,1941,S08_T09_Logout,200,"Number of samples in transaction : 3, number of failing samples : 0",S08_Temp_NewCaseLineListing_NewDataTabulation 1-1,true,,14540,1,1,0,1,0,DESKTOP-60D6L4H
1594046720255,1209,S08_T01_OpenApplication,200,"Number of samples in transaction : 1, number of failing samples : 0",S08_Temp_NewCaseLineListing_NewDataTabulation 1-1,true,,4467,1,1,0,1,0,DESKTOP-60D6L4H
1594046721466,6126,S08_T02_Login,200,"Number of samples in transaction : 3, number of failing samples : 0",S08_Temp_NewCaseLineListing_NewDataTabulation 1-1,true,,191008,1,1,0,1,0,DESKTOP-60D6L4H
1594046727597,14312,S08_T03_NavigateTemplates_NewCaseLineListingTemplate,200,"Number of samples in transaction : 2, number of failing samples : 0",S08_Temp_NewCaseLineListing_NewDataTabulation 1-1,true,,301049,1,1,0,1,0,DESKTOP-60D6L4H
1594046741914,8323,S08_T05_Save,200,"Number of samples in transaction : 2, number of failing samples : 0",S08_Temp_NewCaseLineListing_NewDataTabulation 1-1,true,,185559,1,1,0,1,0,DESKTOP-60D6L4H
1594046750242,13441,S08_T06_NavigateTemplates_NewDataTabulation_Template,200,"Number of samples in transaction : 2, number of failing samples : 0",S08_Temp_NewCaseLineListing_NewDataTabulation 1-1,true,,289249,1,1,0,1,0,DESKTOP-60D6L4H
1594046763686,4235,S08_T08_Save,200,"Number of samples in transaction : 2, number of failing samples : 0",S08_Temp_NewCaseLineListing_NewDataTabulation 1-1,true,,125063,1,1,0,1,0,DESKTOP-60D6L4H
1594046767940,2239,S08_T09_Logout,200,"Number of samples in transaction : 3, number of failing samples : 0",S08_Temp_NewCaseLineListing_NewDataTabulation 1-1,true,,14540,1,1,0,1,0,DESKTOP-60D6L4H
1594357221421,1784,S08_T01_OpenApplication,Non HTTP response code: javax.net.ssl.SSLException,,S08_Temp_NewCaseLineListing_NewDataTabulation 1-1,false,,4234,1,1,0,1,1,DESKTOP-60D6L4H
1594357240129,1935,S08_T01_OpenApplication,200,"Number of samples in transaction : 1, number of failing samples : 0",S08_Temp_NewCaseLineListing_NewDataTabulation 1-1,true,,4679,2,2,0,1,0,DESKTOP-60D6L4H
1594357240642,2222,S08_T01_OpenApplication,200,"Number of samples in transaction : 1, number of failing samples : 0",S08_Temp_NewCaseLineListing_NewDataTabulation 1-2,true,,4680,2,2,0,1,0,DESKTOP-60D6L4H
1594357248776,5009,S08_T02_Login,200,,S08_Temp_NewCaseLineListing_NewDataTabulation 1-1,true,,100421,2,2,0,1,0,DESKTOP-60D6L4H
1594357249404,4383,S08_T02_Login,Non HTTP response code: javax.net.ssl.SSLException,,S08_Temp_NewCaseLineListing_NewDataTabulation 1-2,false,,95542,1,1,0,1,1,DESKTOP-60D6L4H
1594357268481,2004,S08_T01_OpenApplication,200,"Number of samples in transaction : 1, number of failing samples : 0",S08_Temp_NewCaseLineListing_NewDataTabulation 1-1,true,,4680,2,2,0,1,0,DESKTOP-60D6L4H
1594357268988,1735,S08_T01_OpenApplication,200,"Number of samples in transaction : 1, number of failing samples : 0",S08_Temp_NewCaseLineListing_NewDataTabulation 1-2,true,,4679,2,2,0,1,0,DESKTOP-60D6L4H
1594357277115,8865,S08_T02_Login,200,"Number of samples in transaction : 3, number of failing samples : 0",S08_Temp_NewCaseLineListing_NewDataTabulation 1-2,true,,190996,2,2,0,1,0,DESKTOP-60D6L4H
1594357279408,7293,S08_T02_Login,200,"Number of samples in transaction : 3, number of failing samples : 0",S08_Temp_NewCaseLineListing_NewDataTabulation 1-1,true,,190978,2,2,0,1,0,DESKTOP-60D6L4H
1594357293300,34522,S08_T03_NavigateTemplates_NewCaseLineListingTemplate,200,"Number of samples in transaction : 2, number of failing samples : 0",S08_Temp_NewCaseLineListing_NewDataTabulation 1-2,true,,301075,2,2,0,1,0,DESKTOP-60D6L4H
1594357292803,35090,S08_T03_NavigateTemplates_NewCaseLineListingTemplate,200,"Number of samples in transaction : 2, number of failing samples : 0",S08_Temp_NewCaseLineListing_NewDataTabulation 1-1,true,,301078,2,2,0,1,0,DESKTOP-60D6L4H
1594357334642,0,S08_T04_AddCaseLineListing,200,"Number of samples in transaction : 0, number of failing samples : 0",S08_Temp_NewCaseLineListing_NewDataTabulation 1-1,true,,0,2,2,0,1,0,DESKTOP-60D6L4H
1594357336338,0,S08_T04_AddCaseLineListing,200,"Number of samples in transaction : 0, number of failing samples : 0",S08_Temp_NewCaseLineListing_NewDataTabulation 1-2,true,,0,2,2,0,1,0,DESKTOP-60D6L4H
1594357342400,11229,S08_T05_Save,200,"Number of samples in transaction : 2, number of failing samples : 1",S08_Temp_NewCaseLineListing_NewDataTabulation 1-1,false,,151411,2,2,0,1,1,DESKTOP-60D6L4H
1594357344415,14367,S08_T05_Save,200,"Number of samples in transaction : 2, number of failing samples : 0",S08_Temp_NewCaseLineListing_NewDataTabulation 1-2,true,,185563,2,2,0,1,0,DESKTOP-60D6L4H
1594357360393,14989,S08_T06_NavigateTemplates_NewDataTabulation_Template,200,"Number of samples in transaction : 2, number of failing samples : 0",S08_Temp_NewCaseLineListing_NewDataTabulation 1-1,true,,289278,2,2,0,1,0,DESKTOP-60D6L4H
1594357366140,13507,S08_T06_NavigateTemplates_NewDataTabulation_Template,200,"Number of samples in transaction : 2, number of failing samples : 0",S08_Temp_NewCaseLineListing_NewDataTabulation 1-2,true,,289279,2,2,0,1,0,DESKTOP-60D6L4H
1594357382260,0,S08_T07_AddDatatabulation,200,"Number of samples in transaction : 0, number of failing samples : 0",S08_Temp_NewCaseLineListing_NewDataTabulation 1-1,true,,0,2,2,0,1,0,DESKTOP-60D6L4H
1594357385883,0,S08_T07_AddDatatabulation,200,"Number of samples in transaction : 0, number of failing samples : 0",S08_Temp_NewCaseLineListing_NewDataTabulation 1-2,true,,0,2,2,0,1,0,DESKTOP-60D6L4H
1594357389058,5053,S08_T08_Save,200,"Number of samples in transaction : 2, number of failing samples : 0",S08_Temp_NewCaseLineListing_NewDataTabulation 1-1,true,,125078,2,2,0,1,0,DESKTOP-60D6L4H
1594357393985,4942,S08_T08_Save,200,"Number of samples in transaction : 2, number of failing samples : 0",S08_Temp_NewCaseLineListing_NewDataTabulation 1-2,true,,125077,2,2,0,1,0,DESKTOP-60D6L4H
1594357400459,3593,S08_T09_Logout,200,"Number of samples in transaction : 3, number of failing samples : 0",S08_Temp_NewCaseLineListing_NewDataTabulation 1-1,true,,14538,2,2,0,1,0,DESKTOP-60D6L4H
1594357405728,3442,S08_T09_Logout,200,"Number of samples in transaction : 3, number of failing samples : 0",S08_Temp_NewCaseLineListing_NewDataTabulation 1-2,true,,14541,2,2,0,1,0,DESKTOP-60D6L4H
1594357413011,2202,S08_T01_OpenApplication,200,"Number of samples in transaction : 1, number of failing samples : 0",S08_Temp_NewCaseLineListing_NewDataTabulation 1-1,true,,4468,2,2,0,1,0,DESKTOP-60D6L4H
1594357416179,2210,S08_T01_OpenApplication,200,"Number of samples in transaction : 1, number of failing samples : 0",S08_Temp_NewCaseLineListing_NewDataTabulation 1-2,true,,4468,2,2,0,1,0,DESKTOP-60D6L4H
1594357422779,9401,S08_T02_Login,200,"Number of samples in transaction : 3, number of failing samples : 0",S08_Temp_NewCaseLineListing_NewDataTabulation 1-1,true,,190991,2,2,0,1,0,DESKTOP-60D6L4H
1594357424563,10617,S08_T02_Login,200,"Number of samples in transaction : 3, number of failing samples : 0",S08_Temp_NewCaseLineListing_NewDataTabulation 1-2,true,,190978,2,2,0,1,0,DESKTOP-60D6L4H
1594357440903,21950,S08_T03_NavigateTemplates_NewCaseLineListingTemplate,200,"Number of samples in transaction : 2, number of failing samples : 0",S08_Temp_NewCaseLineListing_NewDataTabulation 1-1,true,,301046,2,2,0,1,0,DESKTOP-60D6L4H
1594357441962,22728,S08_T03_NavigateTemplates_NewCaseLineListingTemplate,200,"Number of samples in transaction : 2, number of failing samples : 0",S08_Temp_NewCaseLineListing_NewDataTabulation 1-2,true,,301053,2,2,0,1,0,DESKTOP-60D6L4H
1594357478985,15789,S08_T05_Save,200,"Number of samples in transaction : 2, number of failing samples : 0",S08_Temp_NewCaseLineListing_NewDataTabulation 1-1,true,,185567,2,2,0,1,0,DESKTOP-60D6L4H
1594357478521,18504,S08_T05_Save,200,"Number of samples in transaction : 2, number of failing samples : 0",S08_Temp_NewCaseLineListing_NewDataTabulation 1-2,true,,185567,2,2,0,1,0,DESKTOP-60D6L4H
1594357501892,19879,S08_T06_NavigateTemplates_NewDataTabulation_Template,200,"Number of samples in transaction : 2, number of failing samples : 0",S08_Temp_NewCaseLineListing_NewDataTabulation 1-1,true,,289249,2,2,0,1,0,DESKTOP-60D6L4H
1594357505347,16552,S08_T06_NavigateTemplates_NewDataTabulation_Template,200,"Number of samples in transaction : 2, number of failing samples : 0",S08_Temp_NewCaseLineListing_NewDataTabulation 1-2,true,,289250,2,2,0,1,0,DESKTOP-60D6L4H
1594357536231,6139,S08_T08_Save,200,"Number of samples in transaction : 2, number of failing samples : 0",S08_Temp_NewCaseLineListing_NewDataTabulation 1-2,true,,125074,2,2,0,1,0,DESKTOP-60D6L4H
1594357536235,7012,S08_T08_Save,200,"Number of samples in transaction : 2, number of failing samples : 0",S08_Temp_NewCaseLineListing_NewDataTabulation 1-1,true,,125074,2,2,0,1,0,DESKTOP-60D6L4H
1594357550400,2405,S08_T09_Logout,200,"Number of samples in transaction : 3, number of failing samples : 0",S08_Temp_NewCaseLineListing_NewDataTabulation 1-1,true,,14536,2,2,0,1,0,DESKTOP-60D6L4H
1594357550654,2695,S08_T09_Logout,200,"Number of samples in transaction : 3, number of failing samples : 0",S08_Temp_NewCaseLineListing_NewDataTabulation 1-2,true,,14540,2,2,0,1,0,DESKTOP-60D6L4H
1594357559022,2394,S08_T01_OpenApplication,200,"Number of samples in transaction : 1, number of failing samples : 0",S08_Temp_NewCaseLineListing_NewDataTabulation 1-1,true,,4467,2,2,0,1,0,DESKTOP-60D6L4H
1594357560334,2237,S08_T01_OpenApplication,200,"Number of samples in transaction : 1, number of failing samples : 0",S08_Temp_NewCaseLineListing_NewDataTabulation 1-2,true,,4466,2,2,0,1,0,DESKTOP-60D6L4H
1594357569794,8867,S08_T02_Login,200,"Number of samples in transaction : 3, number of failing samples : 0",S08_Temp_NewCaseLineListing_NewDataTabulation 1-1,true,,190994,2,2,0,1,0,DESKTOP-60D6L4H
1594357571313,11528,S08_T02_Login,200,"Number of samples in transaction : 3, number of failing samples : 0",S08_Temp_NewCaseLineListing_NewDataTabulation 1-2,true,,190983,2,2,0,1,0,DESKTOP-60D6L4H
1594357587509,24181,S08_T03_NavigateTemplates_NewCaseLineListingTemplate,200,"Number of samples in transaction : 2, number of failing samples : 0",S08_Temp_NewCaseLineListing_NewDataTabulation 1-1,true,,301041,2,2,0,1,0,DESKTOP-60D6L4H
1594357591317,21932,S08_T03_NavigateTemplates_NewCaseLineListingTemplate,200,"Number of samples in transaction : 2, number of failing samples : 0",S08_Temp_NewCaseLineListing_NewDataTabulation 1-2,true,,301047,2,2,0,1,0,DESKTOP-60D6L4H
1594357629378,11446,S08_T05_Save,200,"Number of samples in transaction : 2, number of failing samples : 0",S08_Temp_NewCaseLineListing_NewDataTabulation 1-2,true,,185568,2,2,0,1,0,DESKTOP-60D6L4H
1594357624576,16802,S08_T05_Save,200,"Number of samples in transaction : 2, number of failing samples : 0",S08_Temp_NewCaseLineListing_NewDataTabulation 1-1,true,,185568,2,2,0,1,0,DESKTOP-60D6L4H
1594357648262,18718,S08_T06_NavigateTemplates_NewDataTabulation_Template,200,"Number of samples in transaction : 2, number of failing samples : 0",S08_Temp_NewCaseLineListing_NewDataTabulation 1-2,true,,289266,2,2,0,1,0,DESKTOP-60D6L4H
1594357649523,18985,S08_T06_NavigateTemplates_NewDataTabulation_Template,200,"Number of samples in transaction : 2, number of failing samples : 0",S08_Temp_NewCaseLineListing_NewDataTabulation 1-1,true,,289266,2,2,0,1,0,DESKTOP-60D6L4H
1594357681129,4993,S08_T08_Save,200,"Number of samples in transaction : 2, number of failing samples : 0",S08_Temp_NewCaseLineListing_NewDataTabulation 1-1,true,,125074,2,2,0,1,0,DESKTOP-60D6L4H
1594357681949,5235,S08_T08_Save,200,"Number of samples in transaction : 2, number of failing samples : 0",S08_Temp_NewCaseLineListing_NewDataTabulation 1-2,true,,125074,2,2,0,1,0,DESKTOP-60D6L4H
1594357692861,2900,S08_T09_Logout,200,"Number of samples in transaction : 3, number of failing samples : 0",S08_Temp_NewCaseLineListing_NewDataTabulation 1-1,true,,14543,2,2,0,1,0,DESKTOP-60D6L4H
1594357694159,3782,S08_T09_Logout,200,"Number of samples in transaction : 3, number of failing samples : 0",S08_Temp_NewCaseLineListing_NewDataTabulation 1-2,true,,14542,2,2,0,1,0,DESKTOP-60D6L4H
