timeStamp,elapsed,label,responseCode,responseMessage,threadName,success,failureMessage,bytes,grpThreads,allThreads,Latency,SampleCount,ErrorCount,Hostname
1594023999916,1271,S03_T01_OpenApplication,200,"Number of samples in transaction : 1, number of failing samples : 0",S03_AdhocReport_GenReport 1-1,true,,4679,1,1,0,1,0,DESKTOP-60D6L4H
1594024001190,5372,S03_T02_Login,200,"Number of samples in transaction : 10, number of failing samples : 0",S03_AdhocReport_GenReport 1-1,true,,192516,1,1,0,1,0,DESKTOP-60D6L4H
1594024006570,4041,S03_T03_NavigateAdhocReport_GeneratedReports,200,"Number of samples in transaction : 12, number of failing samples : 0",S03_AdhocReport_GenReport 1-1,true,,129517,1,1,0,1,0,DESKTOP-60D6L4H
1594024010624,397,S03_T04_SearchReports,200,"Number of samples in transaction : 1, number of failing samples : 0",S03_AdhocReport_GenReport 1-1,true,,610,1,1,0,1,0,DESKTOP-60D6L4H
1594024011023,4753,S03_T05_ViewReports,200,"Number of samples in transaction : 13, number of failing samples : 0",S03_AdhocReport_GenReport 1-1,true,,140805,1,1,0,1,0,DESKTOP-60D6L4H
1594024015793,2839,S03_T06_DownloadPDF,200,"Number of samples in transaction : 1, number of failing samples : 0",S03_AdhocReport_GenReport 1-1,true,,216692,1,1,0,1,0,DESKTOP-60D6L4H
1594024018644,1720,S03_T07_DownloadExcel,200,"Number of samples in transaction : 1, number of failing samples : 0",S03_AdhocReport_GenReport 1-1,true,,15705,1,1,0,1,0,DESKTOP-60D6L4H
1594024020368,1608,S03_T08_ClickBack,200,"Number of samples in transaction : 4, number of failing samples : 0",S03_AdhocReport_GenReport 1-1,true,,100712,1,1,0,1,0,DESKTOP-60D6L4H
1594024021983,295,S03_T09_Click_New(State),200,"Number of samples in transaction : 1, number of failing samples : 0",S03_AdhocReport_GenReport 1-1,true,,654,1,1,0,1,0,DESKTOP-60D6L4H
1594024022279,639,S03_T10_Click_Confirm,200,"Number of samples in transaction : 2, number of failing samples : 0",S03_AdhocReport_GenReport 1-1,true,,963,1,1,0,1,0,DESKTOP-60D6L4H
1594024022919,315,S03_T11_Click_UnderReview,200,"Number of samples in transaction : 1, number of failing samples : 0",S03_AdhocReport_GenReport 1-1,true,,684,1,1,0,1,0,DESKTOP-60D6L4H
1594024023236,972,S03_T12_Click_Confirm,200,"Number of samples in transaction : 3, number of failing samples : 0",S03_AdhocReport_GenReport 1-1,true,,1609,1,1,0,1,0,DESKTOP-60D6L4H
1594024024212,3876,S03_T13_CreationActionItem,200,"Number of samples in transaction : 12, number of failing samples : 0",S03_AdhocReport_GenReport 1-1,true,,105830,1,1,0,1,0,DESKTOP-60D6L4H
1594024028103,2850,S03_T14_Archive,200,"Number of samples in transaction : 8, number of failing samples : 0",S03_AdhocReport_GenReport 1-1,true,,102963,1,1,0,1,0,DESKTOP-60D6L4H
1594024030963,388,S03_T15_ClearFilter,200,"Number of samples in transaction : 1, number of failing samples : 0",S03_AdhocReport_GenReport 1-1,true,,1590,1,1,0,1,0,DESKTOP-60D6L4H
1594024031354,1621,S03_T16_Logout,200,"Number of samples in transaction : 3, number of failing samples : 0",S03_AdhocReport_GenReport 1-1,true,,14540,1,1,0,1,0,DESKTOP-60D6L4H
1594024032984,316,S03_T01_OpenApplication,200,"Number of samples in transaction : 1, number of failing samples : 0",S03_AdhocReport_GenReport 1-1,true,,4467,1,1,0,1,0,DESKTOP-60D6L4H
1594024033301,4237,S03_T02_Login,200,"Number of samples in transaction : 10, number of failing samples : 0",S03_AdhocReport_GenReport 1-1,true,,192493,1,1,0,1,0,DESKTOP-60D6L4H
1594024037549,3877,S03_T03_NavigateAdhocReport_GeneratedReports,200,"Number of samples in transaction : 12, number of failing samples : 0",S03_AdhocReport_GenReport 1-1,true,,129470,1,1,0,1,0,DESKTOP-60D6L4H
1594024041435,329,S03_T04_SearchReports,200,"Number of samples in transaction : 1, number of failing samples : 0",S03_AdhocReport_GenReport 1-1,true,,610,1,1,0,1,0,DESKTOP-60D6L4H
1594024041766,4143,S03_T05_ViewReports,200,"Number of samples in transaction : 13, number of failing samples : 0",S03_AdhocReport_GenReport 1-1,true,,140737,1,1,0,1,0,DESKTOP-60D6L4H
1594024045925,2258,S03_T06_DownloadPDF,200,"Number of samples in transaction : 1, number of failing samples : 0",S03_AdhocReport_GenReport 1-1,true,,216634,1,1,0,1,0,DESKTOP-60D6L4H
1594024048194,1598,S03_T07_DownloadExcel,200,"Number of samples in transaction : 1, number of failing samples : 0",S03_AdhocReport_GenReport 1-1,true,,15702,1,1,0,1,0,DESKTOP-60D6L4H
1594024049794,1325,S03_T08_ClickBack,200,"Number of samples in transaction : 4, number of failing samples : 0",S03_AdhocReport_GenReport 1-1,true,,100641,1,1,0,1,0,DESKTOP-60D6L4H
1594024051122,287,S03_T09_Click_New(State),200,"Number of samples in transaction : 1, number of failing samples : 0",S03_AdhocReport_GenReport 1-1,true,,657,1,1,0,1,0,DESKTOP-60D6L4H
1594024051411,698,S03_T10_Click_Confirm,200,"Number of samples in transaction : 2, number of failing samples : 0",S03_AdhocReport_GenReport 1-1,true,,958,1,1,0,1,0,DESKTOP-60D6L4H
1594024052110,280,S03_T11_Click_UnderReview,200,"Number of samples in transaction : 1, number of failing samples : 0",S03_AdhocReport_GenReport 1-1,true,,684,1,1,0,1,0,DESKTOP-60D6L4H
1594024052390,911,S03_T12_Click_Confirm,200,"Number of samples in transaction : 3, number of failing samples : 0",S03_AdhocReport_GenReport 1-1,true,,1614,1,1,0,1,0,DESKTOP-60D6L4H
1594024053305,3657,S03_T13_CreationActionItem,200,"Number of samples in transaction : 12, number of failing samples : 0",S03_AdhocReport_GenReport 1-1,true,,105774,1,1,0,1,0,DESKTOP-60D6L4H
1594024056974,2783,S03_T14_Archive,200,"Number of samples in transaction : 8, number of failing samples : 0",S03_AdhocReport_GenReport 1-1,true,,102903,1,1,0,1,0,DESKTOP-60D6L4H
1594024059766,410,S03_T15_ClearFilter,200,"Number of samples in transaction : 1, number of failing samples : 0",S03_AdhocReport_GenReport 1-1,true,,1592,1,1,0,1,0,DESKTOP-60D6L4H
1594024060178,2477,S03_T16_Logout,200,"Number of samples in transaction : 3, number of failing samples : 0",S03_AdhocReport_GenReport 1-1,true,,14541,1,1,0,1,0,DESKTOP-60D6L4H
1594024062661,278,S03_T01_OpenApplication,200,"Number of samples in transaction : 1, number of failing samples : 0",S03_AdhocReport_GenReport 1-1,true,,4466,1,1,0,1,0,DESKTOP-60D6L4H
1594024062940,5005,S03_T02_Login,200,"Number of samples in transaction : 10, number of failing samples : 0",S03_AdhocReport_GenReport 1-1,true,,192562,1,1,0,1,0,DESKTOP-60D6L4H
1594024067956,3894,S03_T03_NavigateAdhocReport_GeneratedReports,200,"Number of samples in transaction : 12, number of failing samples : 0",S03_AdhocReport_GenReport 1-1,true,,129557,1,1,0,1,0,DESKTOP-60D6L4H
1594024071861,332,S03_T04_SearchReports,200,"Number of samples in transaction : 1, number of failing samples : 0",S03_AdhocReport_GenReport 1-1,true,,610,1,1,0,1,0,DESKTOP-60D6L4H
1594024072194,4404,S03_T05_ViewReports,200,"Number of samples in transaction : 13, number of failing samples : 0",S03_AdhocReport_GenReport 1-1,true,,140828,1,1,0,1,0,DESKTOP-60D6L4H
1594024076614,2360,S03_T06_DownloadPDF,200,"Number of samples in transaction : 1, number of failing samples : 0",S03_AdhocReport_GenReport 1-1,true,,216684,1,1,0,1,0,DESKTOP-60D6L4H
1594024078984,1569,S03_T07_DownloadExcel,200,"Number of samples in transaction : 1, number of failing samples : 0",S03_AdhocReport_GenReport 1-1,true,,15706,1,1,0,1,0,DESKTOP-60D6L4H
1594024080555,1447,S03_T08_ClickBack,200,"Number of samples in transaction : 4, number of failing samples : 0",S03_AdhocReport_GenReport 1-1,true,,100729,1,1,0,1,0,DESKTOP-60D6L4H
1594024082006,258,S03_T09_Click_New(State),200,"Number of samples in transaction : 1, number of failing samples : 0",S03_AdhocReport_GenReport 1-1,true,,656,1,1,0,1,0,DESKTOP-60D6L4H
1594024082265,619,S03_T10_Click_Confirm,200,"Number of samples in transaction : 2, number of failing samples : 0",S03_AdhocReport_GenReport 1-1,true,,958,1,1,0,1,0,DESKTOP-60D6L4H
1594024082887,287,S03_T11_Click_UnderReview,200,"Number of samples in transaction : 1, number of failing samples : 0",S03_AdhocReport_GenReport 1-1,true,,684,1,1,0,1,0,DESKTOP-60D6L4H
1594024083175,880,S03_T12_Click_Confirm,200,"Number of samples in transaction : 3, number of failing samples : 0",S03_AdhocReport_GenReport 1-1,true,,1608,1,1,0,1,0,DESKTOP-60D6L4H
1594024084059,3678,S03_T13_CreationActionItem,200,"Number of samples in transaction : 12, number of failing samples : 0",S03_AdhocReport_GenReport 1-1,true,,105854,1,1,0,1,0,DESKTOP-60D6L4H
1594024087748,2782,S03_T14_Archive,200,"Number of samples in transaction : 8, number of failing samples : 0",S03_AdhocReport_GenReport 1-1,true,,102986,1,1,0,1,0,DESKTOP-60D6L4H
1594024090536,398,S03_T15_ClearFilter,200,"Number of samples in transaction : 1, number of failing samples : 0",S03_AdhocReport_GenReport 1-1,true,,1593,1,1,0,1,0,DESKTOP-60D6L4H
1594024090935,1678,S03_T16_Logout,200,"Number of samples in transaction : 3, number of failing samples : 0",S03_AdhocReport_GenReport 1-1,true,,14542,1,1,0,1,0,DESKTOP-60D6L4H
