timeStamp,elapsed,label,responseCode,responseMessage,threadName,success,failureMessage,bytes,grpThreads,allThreads,Latency,SampleCount,ErrorCount,Hostname
1594198768758,3796,S06_T01_OpenApplication,200,"Number of samples in transaction : 1, number of failing samples : 0",S06_AggReport_GenerateReports 1-1,false,Response was null,4679,1,1,0,1,1,DESKTOP-60D6L4H
1594198772568,16037,S06_T02_Login,200,"Number of samples in transaction : 3, number of failing samples : 1",S06_AggReport_GenerateReports 1-1,false,Response was null,191693,1,1,0,1,1,DESKTOP-60D6L4H
1594198788620,6854,S06_T03_Navigate_AGGReport_GeneratedReports,200,,S06_AggReport_GenerateReports 1-1,false,Response was null,100573,1,1,0,1,1,DESKTOP-60D6L4H
1594198861040,3572,S06_T01_OpenApplication,200,"Number of samples in transaction : 1, number of failing samples : 0",S06_AggReport_GenerateReports 1-1,true,,4679,1,1,0,1,0,DESKTOP-60D6L4H
1594198864618,10547,S06_T02_Login,200,"Number of samples in transaction : 3, number of failing samples : 0",S06_AggReport_GenerateReports 1-1,true,,191688,1,1,0,1,0,DESKTOP-60D6L4H
1594198875173,23238,S06_T03_Navigate_AGGReport_GeneratedReports,200,"Number of samples in transaction : 4, number of failing samples : 0",S06_AggReport_GenerateReports 1-1,true,,131728,1,1,0,1,0,DESKTOP-60D6L4H
1594198898419,1122,S06_T04_SearchReports,200,"Number of samples in transaction : 1, number of failing samples : 0",S06_AggReport_GenerateReports 1-1,true,,942,1,1,0,1,0,DESKTOP-60D6L4H
1594198899544,228692,S06_T05_ViewReports,200,"Number of samples in transaction : 2, number of failing samples : 1",S06_AggReport_GenerateReports 1-1,false,,323602,1,1,0,1,1,DESKTOP-60D6L4H
1594199128240,15798,S06_T06_Download_PDF,200,"Number of samples in transaction : 1, number of failing samples : 0",S06_AggReport_GenerateReports 1-1,true,,217771,1,1,0,1,0,DESKTOP-60D6L4H
1594199144051,1799,S06_T07_Download_Excel,200,"Number of samples in transaction : 1, number of failing samples : 0",S06_AggReport_GenerateReports 1-1,true,,15822,1,1,0,1,0,DESKTOP-60D6L4H
1594199145852,13712,S06_T08_ClickBack,200,"Number of samples in transaction : 3, number of failing samples : 0",S06_AggReport_GenerateReports 1-1,true,,103001,1,1,0,1,0,DESKTOP-60D6L4H
1594199159572,3533,S06_T09_MarkAsSubmitted,200,"Number of samples in transaction : 3, number of failing samples : 1",S06_AggReport_GenerateReports 1-1,false,,43565,1,1,0,1,1,DESKTOP-60D6L4H
1594199163110,518,S06_T10_Click_ActionItem,200,"Number of samples in transaction : 1, number of failing samples : 0",S06_AggReport_GenerateReports 1-1,true,,655,1,1,0,1,0,DESKTOP-60D6L4H
1594199163630,0,S06_T11_Fill_ActionItem,200,"Number of samples in transaction : 0, number of failing samples : 0",S06_AggReport_GenerateReports 1-1,true,,0,1,1,0,1,0,DESKTOP-60D6L4H
1594199163631,123783,S06_T12_ClickSave,200,"Number of samples in transaction : 3, number of failing samples : 1",S06_AggReport_GenerateReports 1-1,false,,108705,1,1,0,1,1,DESKTOP-60D6L4H
1594199287421,726,S06_T13_ClearFilter,200,"Number of samples in transaction : 1, number of failing samples : 0",S06_AggReport_GenerateReports 1-1,true,,1416,1,1,0,1,0,DESKTOP-60D6L4H
1594199288150,14586,S06_T14_Logout,200,"Number of samples in transaction : 3, number of failing samples : 0",S06_AggReport_GenerateReports 1-1,true,,14541,1,1,0,1,0,DESKTOP-60D6L4H
1594200342319,2807,S06_T01_OpenApplication,200,"Number of samples in transaction : 1, number of failing samples : 0",S06_AggReport_GenerateReports 1-1,true,,4679,1,1,0,1,0,DESKTOP-60D6L4H
1594200345129,9823,S06_T02_Login,200,"Number of samples in transaction : 3, number of failing samples : 0",S06_AggReport_GenerateReports 1-1,true,,191705,1,1,0,1,0,DESKTOP-60D6L4H
1594200354959,12734,S06_T03_Navigate_AGGReport_GeneratedReports,200,"Number of samples in transaction : 4, number of failing samples : 0",S06_AggReport_GenerateReports 1-1,true,,131746,1,1,0,1,0,DESKTOP-60D6L4H
1594200367702,566,S06_T04_SearchReports,200,"Number of samples in transaction : 1, number of failing samples : 0",S06_AggReport_GenerateReports 1-1,true,,940,1,1,0,1,0,DESKTOP-60D6L4H
1594200368271,22666,S06_T05_ViewReports,200,"Number of samples in transaction : 2, number of failing samples : 0",S06_AggReport_GenerateReports 1-1,true,,410960,1,1,0,1,0,DESKTOP-60D6L4H
1594200390943,6448,S06_T06_Download_PDF,200,"Number of samples in transaction : 1, number of failing samples : 0",S06_AggReport_GenerateReports 1-1,true,,217174,1,1,0,1,0,DESKTOP-60D6L4H
1594200397401,1700,S06_T07_Download_Excel,200,"Number of samples in transaction : 1, number of failing samples : 0",S06_AggReport_GenerateReports 1-1,true,,15748,1,1,0,1,0,DESKTOP-60D6L4H
1594200399103,5800,S06_T08_ClickBack,200,"Number of samples in transaction : 3, number of failing samples : 0",S06_AggReport_GenerateReports 1-1,true,,102977,1,1,0,1,0,DESKTOP-60D6L4H
1594200404909,3294,S06_T09_MarkAsSubmitted,200,"Number of samples in transaction : 3, number of failing samples : 1",S06_AggReport_GenerateReports 1-1,false,,43563,1,1,0,1,1,DESKTOP-60D6L4H
1594200408207,3933,S06_T10_Click_ActionItem,200,"Number of samples in transaction : 1, number of failing samples : 0",S06_AggReport_GenerateReports 1-1,true,,655,1,1,0,1,0,DESKTOP-60D6L4H
1594200412142,0,S06_T11_Fill_ActionItem,200,"Number of samples in transaction : 0, number of failing samples : 0",S06_AggReport_GenerateReports 1-1,true,,0,1,1,0,1,0,DESKTOP-60D6L4H
1594200412142,9170,S06_T12_ClickSave,200,"Number of samples in transaction : 3, number of failing samples : 0",S06_AggReport_GenerateReports 1-1,true,,104903,1,1,0,1,0,DESKTOP-60D6L4H
1594200421315,610,S06_T13_ClearFilter,200,"Number of samples in transaction : 1, number of failing samples : 0",S06_AggReport_GenerateReports 1-1,true,,1406,1,1,0,1,0,DESKTOP-60D6L4H
1594200421926,4457,S06_T14_Logout,200,"Number of samples in transaction : 3, number of failing samples : 0",S06_AggReport_GenerateReports 1-1,true,,14541,1,1,0,1,0,DESKTOP-60D6L4H
1594200521210,3290,S06_T01_OpenApplication,200,"Number of samples in transaction : 1, number of failing samples : 0",S06_AggReport_GenerateReports 1-1,true,,4679,1,1,0,1,0,DESKTOP-60D6L4H
1594200524502,11275,S06_T02_Login,200,"Number of samples in transaction : 3, number of failing samples : 0",S06_AggReport_GenerateReports 1-1,true,,191692,1,1,0,1,0,DESKTOP-60D6L4H
1594200535783,17237,S06_T03_Navigate_AGGReport_GeneratedReports,200,"Number of samples in transaction : 4, number of failing samples : 0",S06_AggReport_GenerateReports 1-1,true,,131717,1,1,0,1,0,DESKTOP-60D6L4H
1594200553029,789,S06_T04_SearchReports,200,"Number of samples in transaction : 1, number of failing samples : 0",S06_AggReport_GenerateReports 1-1,true,,942,1,1,0,1,0,DESKTOP-60D6L4H
1594200553820,22985,S06_T05_ViewReports,200,"Number of samples in transaction : 2, number of failing samples : 0",S06_AggReport_GenerateReports 1-1,true,,410981,1,1,0,1,0,DESKTOP-60D6L4H
1594200576810,6665,S06_T06_Download_PDF,200,"Number of samples in transaction : 1, number of failing samples : 0",S06_AggReport_GenerateReports 1-1,true,,217593,1,1,0,1,0,DESKTOP-60D6L4H
1594200583485,2236,S06_T07_Download_Excel,200,"Number of samples in transaction : 1, number of failing samples : 0",S06_AggReport_GenerateReports 1-1,true,,15825,1,1,0,1,0,DESKTOP-60D6L4H
1594200585722,4956,S06_T08_ClickBack,200,"Number of samples in transaction : 3, number of failing samples : 0",S06_AggReport_GenerateReports 1-1,true,,102973,1,1,0,1,0,DESKTOP-60D6L4H
1594200590684,2868,S06_T09_MarkAsSubmitted,200,"Number of samples in transaction : 3, number of failing samples : 0",S06_AggReport_GenerateReports 1-1,true,,43557,1,1,0,1,0,DESKTOP-60D6L4H
1594200593555,609,S06_T10_Click_ActionItem,200,"Number of samples in transaction : 1, number of failing samples : 0",S06_AggReport_GenerateReports 1-1,true,,655,1,1,0,1,0,DESKTOP-60D6L4H
1594200594166,0,S06_T11_Fill_ActionItem,200,"Number of samples in transaction : 0, number of failing samples : 0",S06_AggReport_GenerateReports 1-1,true,,0,1,1,0,1,0,DESKTOP-60D6L4H
1594200594166,8609,S06_T12_ClickSave,200,"Number of samples in transaction : 3, number of failing samples : 0",S06_AggReport_GenerateReports 1-1,true,,104912,1,1,0,1,0,DESKTOP-60D6L4H
1594200602781,793,S06_T13_ClearFilter,200,"Number of samples in transaction : 1, number of failing samples : 0",S06_AggReport_GenerateReports 1-1,true,,1405,1,1,0,1,0,DESKTOP-60D6L4H
1594200603576,3034,S06_T14_Logout,200,"Number of samples in transaction : 3, number of failing samples : 0",S06_AggReport_GenerateReports 1-1,true,,14541,1,1,0,1,0,DESKTOP-60D6L4H
1594200606616,1878,S06_T01_OpenApplication,200,"Number of samples in transaction : 1, number of failing samples : 0",S06_AggReport_GenerateReports 1-1,true,,4466,1,1,0,1,0,DESKTOP-60D6L4H
1594200608502,11132,S06_T02_Login,200,"Number of samples in transaction : 3, number of failing samples : 0",S06_AggReport_GenerateReports 1-1,true,,191690,1,1,0,1,0,DESKTOP-60D6L4H
1594200619639,19008,S06_T03_Navigate_AGGReport_GeneratedReports,200,"Number of samples in transaction : 4, number of failing samples : 0",S06_AggReport_GenerateReports 1-1,true,,131716,1,1,0,1,0,DESKTOP-60D6L4H
1594200638654,566,S06_T04_SearchReports,200,"Number of samples in transaction : 1, number of failing samples : 0",S06_AggReport_GenerateReports 1-1,true,,942,1,1,0,1,0,DESKTOP-60D6L4H
1594200639222,25375,S06_T05_ViewReports,200,"Number of samples in transaction : 2, number of failing samples : 0",S06_AggReport_GenerateReports 1-1,true,,410941,1,1,0,1,0,DESKTOP-60D6L4H
1594200664601,7120,S06_T06_Download_PDF,200,"Number of samples in transaction : 1, number of failing samples : 0",S06_AggReport_GenerateReports 1-1,true,,224429,1,1,0,1,0,DESKTOP-60D6L4H
1594200671749,1964,S06_T07_Download_Excel,200,"Number of samples in transaction : 1, number of failing samples : 0",S06_AggReport_GenerateReports 1-1,true,,17207,1,1,0,1,0,DESKTOP-60D6L4H
1594200673715,8432,S06_T08_ClickBack,200,"Number of samples in transaction : 3, number of failing samples : 0",S06_AggReport_GenerateReports 1-1,true,,102983,1,1,0,1,0,DESKTOP-60D6L4H
1594200682154,3041,S06_T09_MarkAsSubmitted,200,"Number of samples in transaction : 3, number of failing samples : 0",S06_AggReport_GenerateReports 1-1,true,,43561,1,1,0,1,0,DESKTOP-60D6L4H
1594200685198,875,S06_T10_Click_ActionItem,200,"Number of samples in transaction : 1, number of failing samples : 0",S06_AggReport_GenerateReports 1-1,true,,655,1,1,0,1,0,DESKTOP-60D6L4H
1594200686075,10366,S06_T12_ClickSave,200,"Number of samples in transaction : 3, number of failing samples : 0",S06_AggReport_GenerateReports 1-1,true,,104914,1,1,0,1,0,DESKTOP-60D6L4H
1594200696446,751,S06_T13_ClearFilter,200,"Number of samples in transaction : 1, number of failing samples : 0",S06_AggReport_GenerateReports 1-1,true,,1389,1,1,0,1,0,DESKTOP-60D6L4H
1594200697198,3140,S06_T14_Logout,200,"Number of samples in transaction : 3, number of failing samples : 0",S06_AggReport_GenerateReports 1-1,true,,14539,1,1,0,1,0,DESKTOP-60D6L4H
1594200700342,2570,S06_T01_OpenApplication,200,"Number of samples in transaction : 1, number of failing samples : 0",S06_AggReport_GenerateReports 1-1,true,,4465,1,1,0,1,0,DESKTOP-60D6L4H
1594200702914,13744,S06_T02_Login,200,"Number of samples in transaction : 3, number of failing samples : 0",S06_AggReport_GenerateReports 1-1,true,,191695,1,1,0,1,0,DESKTOP-60D6L4H
1594200716663,18705,S06_T03_Navigate_AGGReport_GeneratedReports,200,"Number of samples in transaction : 4, number of failing samples : 0",S06_AggReport_GenerateReports 1-1,true,,131678,1,1,0,1,0,DESKTOP-60D6L4H
1594200735375,488,S06_T04_SearchReports,200,"Number of samples in transaction : 1, number of failing samples : 0",S06_AggReport_GenerateReports 1-1,true,,943,1,1,0,1,0,DESKTOP-60D6L4H
1594200735865,29006,S06_T05_ViewReports,200,"Number of samples in transaction : 2, number of failing samples : 0",S06_AggReport_GenerateReports 1-1,true,,410965,1,1,0,1,0,DESKTOP-60D6L4H
1594200764876,7794,S06_T06_Download_PDF,200,"Number of samples in transaction : 1, number of failing samples : 0",S06_AggReport_GenerateReports 1-1,true,,217515,1,1,0,1,0,DESKTOP-60D6L4H
1594200772680,2221,S06_T07_Download_Excel,200,"Number of samples in transaction : 1, number of failing samples : 0",S06_AggReport_GenerateReports 1-1,true,,15824,1,1,0,1,0,DESKTOP-60D6L4H
1594200774902,8595,S06_T08_ClickBack,200,"Number of samples in transaction : 3, number of failing samples : 0",S06_AggReport_GenerateReports 1-1,true,,102973,1,1,0,1,0,DESKTOP-60D6L4H
1594200783502,3070,S06_T09_MarkAsSubmitted,200,"Number of samples in transaction : 3, number of failing samples : 0",S06_AggReport_GenerateReports 1-1,true,,43557,1,1,0,1,0,DESKTOP-60D6L4H
1594200786577,615,S06_T10_Click_ActionItem,200,"Number of samples in transaction : 1, number of failing samples : 0",S06_AggReport_GenerateReports 1-1,true,,655,1,1,0,1,0,DESKTOP-60D6L4H
1594200787194,14431,S06_T12_ClickSave,200,"Number of samples in transaction : 3, number of failing samples : 0",S06_AggReport_GenerateReports 1-1,true,,104903,1,1,0,1,0,DESKTOP-60D6L4H
1594200801630,919,S06_T13_ClearFilter,200,"Number of samples in transaction : 1, number of failing samples : 0",S06_AggReport_GenerateReports 1-1,true,,1384,1,1,0,1,0,DESKTOP-60D6L4H
1594200802549,4722,S06_T14_Logout,200,"Number of samples in transaction : 3, number of failing samples : 0",S06_AggReport_GenerateReports 1-1,true,,14541,1,1,0,1,0,DESKTOP-60D6L4H
1594275891602,1960,S06_T01_OpenApplication,200,"Number of samples in transaction : 1, number of failing samples : 0",S06_AggReport_GenerateReports 1-1,true,,4678,1,1,0,1,0,DESKTOP-60D6L4H
1594275896611,1658,S06_T01_OpenApplication,200,"Number of samples in transaction : 1, number of failing samples : 0",S06_AggReport_GenerateReports 1-2,true,,4677,2,2,0,1,0,DESKTOP-60D6L4H
1594275893610,8080,S06_T02_Login,200,"Number of samples in transaction : 3, number of failing samples : 0",S06_AggReport_GenerateReports 1-1,true,,191706,3,3,0,1,0,DESKTOP-60D6L4H
1594275901596,2546,S06_T01_OpenApplication,200,"Number of samples in transaction : 1, number of failing samples : 0",S06_AggReport_GenerateReports 1-3,true,,4679,3,3,0,1,0,DESKTOP-60D6L4H
1594275898274,7204,S06_T02_Login,200,"Number of samples in transaction : 3, number of failing samples : 0",S06_AggReport_GenerateReports 1-2,true,,191721,3,3,0,1,0,DESKTOP-60D6L4H
1594275901710,9052,S06_T03_Navigate_AGGReport_GeneratedReports,200,"Number of samples in transaction : 4, number of failing samples : 0",S06_AggReport_GenerateReports 1-1,true,,131677,3,3,0,1,0,DESKTOP-60D6L4H
1594275910775,522,S06_T04_SearchReports,200,"Number of samples in transaction : 1, number of failing samples : 0",S06_AggReport_GenerateReports 1-1,true,,948,3,3,0,1,0,DESKTOP-60D6L4H
1594275904146,7235,S06_T02_Login,200,"Number of samples in transaction : 3, number of failing samples : 0",S06_AggReport_GenerateReports 1-3,true,,191704,3,3,0,1,0,DESKTOP-60D6L4H
1594275905486,9603,S06_T03_Navigate_AGGReport_GeneratedReports,200,"Number of samples in transaction : 4, number of failing samples : 0",S06_AggReport_GenerateReports 1-2,true,,131681,3,3,0,1,0,DESKTOP-60D6L4H
1594275915102,399,S06_T04_SearchReports,200,"Number of samples in transaction : 1, number of failing samples : 0",S06_AggReport_GenerateReports 1-2,true,,945,3,3,0,1,0,DESKTOP-60D6L4H
1594275911387,9440,S06_T03_Navigate_AGGReport_GeneratedReports,200,"Number of samples in transaction : 4, number of failing samples : 0",S06_AggReport_GenerateReports 1-3,true,,131671,3,3,0,1,0,DESKTOP-60D6L4H
1594275920838,451,S06_T04_SearchReports,200,"Number of samples in transaction : 1, number of failing samples : 0",S06_AggReport_GenerateReports 1-3,true,,950,3,3,0,1,0,DESKTOP-60D6L4H
1594275915504,8462,S06_T05_ViewReports,200,,S06_AggReport_GenerateReports 1-2,true,,183936,3,3,0,1,0,DESKTOP-60D6L4H
1594275911300,11496,S06_T05_ViewReports,200,,S06_AggReport_GenerateReports 1-1,true,,227824,3,3,0,1,0,DESKTOP-60D6L4H
1594275921291,2714,S06_T05_ViewReports,Non HTTP response code: javax.net.ssl.SSLException,,S06_AggReport_GenerateReports 1-3,false,,4529,3,3,0,1,1,DESKTOP-60D6L4H
